File Name,Rows
./results_3/20160418090122.csv,25
./results_3/20160505125954.csv,24
./results_3/20180725171307.csv,24
./results_3/20160306031432.csv,24
./results_3/20220121035604.csv,26
./results_3/20160412023012.csv,25
./results_3/20160626210032.csv,25
./results_3/20160510041650.csv,25
./results_3/20160403173159.csv,24
./results_3/20160626100931.csv,25
./results_3/20160401172204.csv,24
./results_3/20160321012401.csv,25
./results_3/20160602203256.csv,25
./results_3/20160414035110.csv,25
./results_3/20160307060231.csv,24
./results_3/20160312053303.csv,24
./results_3/20160426125204.csv,24
./results_3/20160506140645.csv,24
./results_3/20220426234339.csv,26
./results_3/20180912221317.csv,25
./results_3/20160311053243.csv,25
./results_3/20160227192652.csv,25
./results_3/20160226190351.csv,25
./results_3/20180627210140.csv,24
./results_3/20160430181309.csv,24
./results_3/20160314120857.csv,24
./results_3/20171207061834.csv,25
./results_3/20160301004438.csv,24
./results_3/20160616171900.csv,24
./results_3/20160622093717.csv,25
./results_3/20160603234920.csv,25
./results_3/20210422235305.csv,26
./results_3/20160411001652.csv,25
./results_3/20160316192132.csv,25
./results_3/20160424055216.csv,25
./results_3/20160529151419.csv,25
./results_3/20201119165007.csv,25
./results_3/20160506181343.csv,25
./results_3/20160415035820.csv,25
./results_3/20160408155215.csv,24
./results_3/20160301013155.csv,24
./results_3/20160607123533.csv,25
./results_3/20201111182322.csv,26
./results_3/20210422142859.csv,26
./results_3/20180509230700.csv,25
./results_3/20220612023135.csv,25
./results_3/20181024212715.csv,25
./results_3/20160514005721.csv,25
./results_3/20160522083405.csv,25
./results_3/20160511162004.csv,24
./results_3/20160419134022.csv,24
./results_3/20151110003619.csv,25
./results_3/20160323155804.csv,24
./results_3/20160530153042.csv,25
./results_3/20170203164615.csv,25
./results_3/20160516043618.csv,25
./results_3/20160425115219.csv,24
./results_3/20151210193343.csv,25
./results_3/20160508231456.csv,25
./results_3/20180405020729.csv,26
./results_3/20160409215658.csv,25
./results_3/20181017210956.csv,26
./results_3/20160321094413.csv,24
./results_3/20210223234911.csv,26
./results_3/20160518125152.csv,24
./results_3/20160707172205.csv,25
./results_3/20160608133934.csv,25
./results_3/20161205125724.csv,25
./results_3/20160613091641.csv,25
./results_3/20160228040642.csv,24
./results_3/20160323104724.csv,25
./results_3/20181004221939.csv,25
./results_3/20160505133206.csv,24
./results_3/20160627212430.csv,25
./results_3/20191115060020.csv,25
./results_3/20160325171409.csv,24
./results_3/20160520065808.csv,25
./results_3/20160614100515.csv,24
./results_3/20150217144133.csv,25
./results_3/20180419035529.csv,26
./results_3/20160728022603.csv,24
./results_3/20160610213350.csv,25
./results_3/20160528121538.csv,25
./results_3/20160524110342.csv,25
./results_3/20160621062804.csv,25
./results_3/20160629062029.csv,25
./results_3/20180919204137.csv,26
./results_3/20160605044417.csv,25
./results_3/20230404061531.csv,26
./results_3/20181010203237.csv,25
./results_3/20210818170950.csv,25
./results_3/20160413024208.csv,24
./results_3/20160612025356.csv,25
./results_3/20160611022753.csv,25
./results_3/20180426032431.csv,26
./results_3/20160328202715.csv,24
./results_3/20180823014617.csv,26
./results_3/20220819053652.csv,26
./results_3/20160625025117.csv,25
./results_3/20160504114835.csv,24
./results_3/20160308131447.csv,24
./results_3/20180525045837.csv,26
./results_3/20160324163511.csv,24
./results_3/20160425071542.csv,25
./results_3/20160515030634.csv,25
./results_3/20160420134429.csv,24
./results_3/20160304022659.csv,24
./results_3/20220321160908.csv,26
./results_3/20160521081922.csv,25
./results_3/20160517125125.csv,24
./results_3/20160327235647.csv,25
./results_3/20160218200409.csv,25
./results_3/20160414031646.csv,25
./results_3/20160524150541.csv,25
./results_3/20160609205139.csv,25
./results_3/20160616121755.csv,24
./results_3/20160206074633.csv,25
./results_3/20230408031431.csv,26
./results_3/20160403022828.csv,24
./results_3/20160415035318.csv,25
./results_3/20160406072427.csv,25
./results_3/20160303013810.csv,24
./results_3/20160331083916.csv,25
./results_3/20160531185518.csv,25
./results_3/20160423215723.csv,25
./results_3/20180927181417.csv,26
./results_3/20160319005927.csv,25
./results_3/20160624172755.csv,25
./results_3/20180906013944.csv,26
./results_3/20160618013703.csv,25
./results_3/20160310001736.csv,24
./results_3/20160606045939.csv,25
./results_3/20180517125225.csv,25
./results_3/20160325191905.csv,25
./results_3/20160218115247.csv,25
./results_3/20180801230446.csv,26
./results_3/20160407080400.csv,25
./results_3/20160605014439.csv,25
./results_3/20160615121217.csv,24
./results_3/20161101235944.csv,25
./results_3/20160317231004.csv,24
./results_3/20160422165755.csv,24
./results_3/20160512190838.csv,25
./results_3/20160315130901.csv,25
./results_3/20160528031319.csv,25
./results_3/20160320012223.csv,25
./results_3/20150905052452.csv,25
./results_3/20220403132436.csv,26
./results_3/20160619025249.csv,25
./results_3/20160331091340.csv,25
./results_3/20160629013939.csv,25
./results_3/20180601013058.csv,25
./results_3/20180621010309.csv,24
./results_3/20160417070510.csv,25
./results_3/20160329045549.csv,24
./results_3/20150315022817.csv,25
./results_3/20160429083304.csv,25
./results_3/20160308183321.csv,24
./results_3/20160602215207.csv,25
./results_3/20161026163008.csv,24
./results_3/20160416041340.csv,25
./results_3/20160326203446.csv,24
./results_3/20181115000416.csv,25
./results_3/20160620050311.csv,25
./results_3/20160519205812.csv,25
./results_3/20180808225255.csv,26
./results_3/20160401222125.csv,24
./results_3/20160922173059.csv,24
./results_3/20160619013705.csv,25
./results_3/20160302013636.csv,25
./results_3/20160421143113.csv,25
./results_3/20160316153212.csv,24
./results_3/20160429142002.csv,24
./results_3/20160622171604.csv,25
./results_3/20160322092820.csv,24
./results_3/20160515025927.csv,25
./results_3/20160405031830.csv,24
./results_3/20160526225625.csv,25
./results_3/20180830001955.csv,26
./results_3/20160305024818.csv,24
./results_3/20180503080405.csv,26
./results_3/20160427165538.csv,24
./results_3/20180414001009.csv,26
./results_3/20170711131531.csv,25
./results_3/20160617180837.csv,25
./results_3/20160317205704.csv,24
./results_3/20160310032809.csv,24
./results_3/20160612035107.csv,25
./results_3/20180329055856.csv,27
./results_3/20160507221131.csv,25
./results_3/20180704233552.csv,25
./results_3/20180816010023.csv,26
./results_3/20160525220019.csv,25
./results_3/20160606054856.csv,25
